{
  "train_loss": [
    45.5004379272461
  ],
  "val_loss": [
    38.53197479248047
  ],
  "train_metrics": [
    {
      "loss": 45.5004379272461,
      "edge_acc": 0.9102381229400635,
      "node_mae": 10.08846206665039,
      "pos_rate@0.5": 0.041934524293174034,
      "mean_logit": -0.16858578100800514,
      "mean_prob": 0.4581399619579315
    }
  ],
  "val_metrics": [
    {
      "loss": 38.53197479248047,
      "edge_acc": 0.9428571462631226,
      "node_mae": 9.257457733154297,
      "route_quality": 0,
      "pos_rate@0.5": 0.0,
      "mean_logit": -0.5417681932449341,
      "mean_prob": 0.367937296628952
    }
  ]
}