{
  "training_args": {
    "data_dir": "c:\\users\\alexq\\documents\\github\\project_gnn/data",
    "batch_size": 16,
    "hidden_dim": 64,
    "num_layers": 3,
    "num_heads": 4,
    "dropout": 0.1,
    "epochs": 30,
    "lr": 0.001,
    "patience": 20,
    "checkpoint_dir": "c:\\users\\alexq\\documents\\github\\project_gnn/models/checkpoints",
    "results_dir": "c:\\users\\alexq\\documents\\github\\project_gnn/experiments/results"
  },
  "model_config": {
    "class": "CVRPGNNBase",
    "parameters": 119554,
    "node_features": 6,
    "edge_features": 3
  },
  "training_history": {
    "train_loss": [
      45.5004379272461,
      78.64021453857421,
      132.888427734375,
      159.02558288574218,
      179.37505493164062,
      198.4065185546875,
      221.12454833984376,
      243.89464721679687,
      266.42294921875,
      289.1986328125,
      311.76226806640625,
      334.4504638671875,
      352.79498291015625,
      374.963916015625,
      402.61176147460935,
      422.94345703125,
      439.3895202636719,
      452.03834228515626,
      486.7835205078125,
      498.09644775390626,
      472.88673095703126
    ],
    "val_loss": [
      38.53197479248047,
      74.27516174316406,
      78.84773254394531,
      96.22676849365234,
      103.09134674072266,
      116.9826431274414,
      128.80699157714844,
      141.57493591308594,
      154.7115936279297,
      167.2555694580078,
      180.11070251464844,
      192.9889678955078,
      205.703857421875,
      218.5666961669922,
      231.4974365234375,
      244.25526428222656,
      257.1177978515625,
      270.0760498046875,
      282.89495849609375,
      295.7454833984375,
      295.77362060546875
    ],
    "train_metrics": [
      {
        "loss": 45.5004379272461,
        "edge_acc": 0.9102381229400635,
        "node_mae": 10.08846206665039,
        "pos_rate@0.5": 0.041934524293174034,
        "mean_logit": -0.16858578100800514,
        "mean_prob": 0.4581399619579315
      },
      {
        "loss": 78.64021453857421,
        "edge_acc": 0.9425297856330872,
        "node_mae": 8.272315979003906,
        "pos_rate@0.5": 0.0,
        "mean_logit": -1.39131817817688,
        "mean_prob": 0.22259494960308074
      },
      {
        "loss": 132.888427734375,
        "edge_acc": 0.9425297975540161,
        "node_mae": 5.644559764862061,
        "pos_rate@0.5": 0.0,
        "mean_logit": -5.922472810745239,
        "mean_prob": 0.00922371043707244
      },
      {
        "loss": 159.02558288574218,
        "edge_acc": 0.9425297975540161,
        "node_mae": 6.187241458892823,
        "pos_rate@0.5": 0.0,
        "mean_logit": -12.264790725708007,
        "mean_prob": 1.9356968414285804e-05
      },
      {
        "loss": 179.37505493164062,
        "edge_acc": 0.9425297975540161,
        "node_mae": 5.7653687477111815,
        "pos_rate@0.5": 0.0,
        "mean_logit": -13.707825660705566,
        "mean_prob": 3.857383762806421e-06
      },
      {
        "loss": 198.4065185546875,
        "edge_acc": 0.9425297975540161,
        "node_mae": 5.165914249420166,
        "pos_rate@0.5": 0.0,
        "mean_logit": -11.256323051452636,
        "mean_prob": 3.1001164825283925e-05
      },
      {
        "loss": 221.12454833984376,
        "edge_acc": 0.9425297975540161,
        "node_mae": 5.158462905883789,
        "pos_rate@0.5": 0.0,
        "mean_logit": -10.634057235717773,
        "mean_prob": 4.464648809516802e-05
      },
      {
        "loss": 243.89464721679687,
        "edge_acc": 0.9425297856330872,
        "node_mae": 5.170872211456299,
        "pos_rate@0.5": 0.0,
        "mean_logit": -10.65928897857666,
        "mean_prob": 4.5341199438553303e-05
      },
      {
        "loss": 266.42294921875,
        "edge_acc": 0.9425297975540161,
        "node_mae": 5.12655668258667,
        "pos_rate@0.5": 0.0,
        "mean_logit": -8.994072532653808,
        "mean_prob": 0.00022147198033053427
      },
      {
        "loss": 289.1986328125,
        "edge_acc": 0.9425297975540161,
        "node_mae": 5.128388500213623,
        "pos_rate@0.5": 0.0,
        "mean_logit": -7.569700241088867,
        "mean_prob": 0.0007388739730231463
      },
      {
        "loss": 311.76226806640625,
        "edge_acc": 0.9425297975540161,
        "node_mae": 5.078200435638427,
        "pos_rate@0.5": 0.0,
        "mean_logit": -6.720672512054444,
        "mean_prob": 0.0017248330870643259
      },
      {
        "loss": 334.4504638671875,
        "edge_acc": 0.9425297975540161,
        "node_mae": 5.09684009552002,
        "pos_rate@0.5": 0.0,
        "mean_logit": -4.899420166015625,
        "mean_prob": 0.010270425630733371
      },
      {
        "loss": 352.79498291015625,
        "edge_acc": 0.9425297975540161,
        "node_mae": 5.12088041305542,
        "pos_rate@0.5": 0.0,
        "mean_logit": -3.0489245414733888,
        "mean_prob": 0.0548299752175808
      },
      {
        "loss": 374.963916015625,
        "edge_acc": 0.9425297856330872,
        "node_mae": 5.032280349731446,
        "pos_rate@0.5": 0.0,
        "mean_logit": -2.7622474670410155,
        "mean_prob": 0.06600540205836296
      },
      {
        "loss": 402.61176147460935,
        "edge_acc": 0.9425297975540161,
        "node_mae": 5.054288005828857,
        "pos_rate@0.5": 0.0,
        "mean_logit": -3.1713451862335207,
        "mean_prob": 0.04540733695030212
      },
      {
        "loss": 422.94345703125,
        "edge_acc": 0.9425297975540161,
        "node_mae": 5.080378150939941,
        "pos_rate@0.5": 0.0,
        "mean_logit": -3.053628396987915,
        "mean_prob": 0.051187795400619504
      },
      {
        "loss": 439.3895202636719,
        "edge_acc": 0.9425297975540161,
        "node_mae": 5.0588075637817385,
        "pos_rate@0.5": 0.0,
        "mean_logit": -2.8731739997863768,
        "mean_prob": 0.06081800311803818
      },
      {
        "loss": 452.03834228515626,
        "edge_acc": 0.9425297975540161,
        "node_mae": 5.081459331512451,
        "pos_rate@0.5": 0.0,
        "mean_logit": -2.9257093906402587,
        "mean_prob": 0.05895368978381157
      },
      {
        "loss": 486.7835205078125,
        "edge_acc": 0.9425297856330872,
        "node_mae": 5.037593746185303,
        "pos_rate@0.5": 0.0,
        "mean_logit": -3.161282682418823,
        "mean_prob": 0.04880795925855637
      },
      {
        "loss": 498.09644775390626,
        "edge_acc": 0.9425297856330872,
        "node_mae": 5.059185600280761,
        "pos_rate@0.5": 0.0,
        "mean_logit": -3.08471417427063,
        "mean_prob": 0.053091961145401004
      },
      {
        "loss": 472.88673095703126,
        "edge_acc": 0.9425297856330872,
        "node_mae": 5.056446170806884,
        "pos_rate@0.5": 0.0,
        "mean_logit": -2.978147602081299,
        "mean_prob": 0.05877896174788475
      }
    ],
    "val_metrics": [
      {
        "loss": 38.53197479248047,
        "edge_acc": 0.9428571462631226,
        "node_mae": 9.257457733154297,
        "route_quality": 0,
        "pos_rate@0.5": 0.0,
        "mean_logit": -0.5417681932449341,
        "mean_prob": 0.367937296628952
      },
      {
        "loss": 74.27516174316406,
        "edge_acc": 0.9428571462631226,
        "node_mae": 6.666074275970459,
        "route_quality": 0,
        "pos_rate@0.5": 0.0,
        "mean_logit": -3.355454921722412,
        "mean_prob": 0.03506277874112129
      },
      {
        "loss": 78.84773254394531,
        "edge_acc": 0.9428571462631226,
        "node_mae": 5.2635345458984375,
        "route_quality": 0,
        "pos_rate@0.5": 0.0,
        "mean_logit": -9.888328552246094,
        "mean_prob": 6.607492105104029e-05
      },
      {
        "loss": 96.22676849365234,
        "edge_acc": 0.9428571462631226,
        "node_mae": 6.011495113372803,
        "route_quality": 0,
        "pos_rate@0.5": 0.0,
        "mean_logit": -13.583998680114746,